[{"title": "Nanuk 935 Waterproof Carry-On Hard Case with Lid Organizer and Padded Divider w/ Wheels - Olive", "price": "349", "image_url": "https://m.media-amazon.com/images/I/719GjlQ+L3S._AC_UY218_.jpg", "rating": "4.6 out of 5 stars", "scraping_timestamp": "2024-03-03 23:47:47.450477"}, {"title": "Nanuk 935 Waterproof Carry-On Hard Case with Lid Organizer and Padded Divider w/ Wheels - Yellow", "price": "312", "image_url": "https://m.media-amazon.com/images/I/61yF2ZU7W7L._AC_UY218_.jpg", "rating": "4.3 out of 5 stars", "scraping_timestamp": "2024-03-03 23:47:47.494713"}, {"title": "Canon EOS Rebel T7 DSLR Camera with 18-55mm Lens | Built-in Wi-Fi | 24.1 MP CMOS Sensor | DIGIC 4+ Image Processor and Full HD Videos", "price": "379", "image_url": "https://m.media-amazon.com/images/I/71Is-Zv6A0L._AC_UY218_.jpg", "rating": "4.7 out of 5 stars", "scraping_timestamp": "2024-03-03 23:47:47.513636"}, {"title": "Canon EOS Rebel T7 DSLR Camera|2 Lens Kit with EF18-55mm + EF 75-300mm Lens, Black", "price": "497", "image_url": "https://m.media-amazon.com/images/I/71ZYxtmYkPL._AC_UY218_.jpg", "rating": "4.7 out of 5 stars", "scraping_timestamp": "2024-03-03 23:47:47.530071"}, {"title": "Canon EOS Rebel T100 DSLR Camera with EF-S 18-55mm f/3.5-5.6 III Lens, 18MP APS-C CMOS Sensor, Built-in Wi-Fi, Optical Viewfinder, Impressive Images & Full HD Videos, Includes 32GB SD Card", "price": "1,096", "image_url": "https://m.media-amazon.com/images/I/71Z6cEQETLL._AC_UY218_.jpg", "rating": "4.5 out of 5 stars", "scraping_timestamp": "2024-03-03 23:47:47.544285"}, {"title": "Panasonic LUMIX G7KS 4K Mirrorless Camera, 16 Megapixel Digital Camera, 14-42 mm Lens Kit, DMC-G7KS", "price": "749", "image_url": "https://m.media-amazon.com/images/I/61HkTes2bHL._AC_UY218_.jpg", "rating": "4.6 out of 5 stars", "scraping_timestamp": "2024-03-03 23:47:47.558212"}, {"title": "Nikon D7500 20.9MP DSLR Camera with AF-S DX NIKKOR 18-140mm f/3.5-5.6G ED VR Lens, Black", "price": "1,148", "image_url": "https://m.media-amazon.com/images/I/71iKNJ6rVIL._AC_UY218_.jpg", "rating": "4.7 out of 5 stars", "scraping_timestamp": "2024-03-03 23:47:47.572053"}, {"title": "Canon EOS Rebel SL3 Digital SLR Camera with EF-S 18-55mm Lens kit, Built-in Wi-Fi, Dual Pixel CMOS AF and 3.0 Inch Vari-Angle Touch Screen, Black", "price": "1,199", "image_url": "https://m.media-amazon.com/images/I/61o0MBO9jFL._AC_UY218_.jpg", "rating": "4.7 out of 5 stars", "scraping_timestamp": "2024-03-03 23:47:47.586978"}, {"title": "Sony Alpha a6400 Mirrorless Camera: Compact APS-C Interchangeable Lens Digital Camera with Real-Time Eye Auto Focus, 4K Video, Flip Screen & 18-135mm - E Mount Compatible Cameras ILCE-6400M/B", "price": "489", "image_url": "https://m.media-amazon.com/images/I/71zs+RZUggL._AC_UY218_.jpg", "rating": "4.6 out of 5 stars", "scraping_timestamp": "2024-03-03 23:47:47.601095"}, {"title": "Canon DSLR Camera [EOS 90D] with Built-in Wi-Fi, Bluetooth, DIGIC 8 Image Processor, 4K Video, Dual Pixel CMOS AF, and 3.0 Inch Vari-Angle Touch LCD Screen, [Body Only], Black", "price": "796", "image_url": "https://m.media-amazon.com/images/I/51VGUKF1QRL._AC_UY218_.jpg", "rating": "4.7 out of 5 stars", "scraping_timestamp": "2024-03-03 23:47:47.615716"}, {"title": "Nikon D3100 DSLR Camera with 18-55mm f/3.5-5.6 Auto Focus-S Nikkor Zoom Lens (Discontinued by Manufacturer)", "price": "185", "image_url": "https://m.media-amazon.com/images/I/71ROh7X7gtL._AC_UY218_.jpg", "rating": "4.6 out of 5 stars", "scraping_timestamp": "2024-03-03 23:47:47.631743"}, {"title": "PENTAX KF APS-C Digital SLR Camera 18-55 WR kit with Dustproof, Weather-Resistant and Vari-Angle LCD Monitor, Black", "price": "1,299", "image_url": "https://m.media-amazon.com/images/I/61meZRVKpFL._AC_UY218_.jpg", "rating": "4.7 out of 5 stars", "scraping_timestamp": "2024-03-03 23:47:47.654890"}, {"title": "Canon EOS R100 RF-S18-45mm F4.5-6.3 is STM Lens Kit, Mirrorless Camera, RF Mount, 24.1 MP, Continuous Shooting, Eye Detection AF, Full HD Video, 4K, Lightweight, Wi-Fi, Bluetooth, Content Creation", "price": "189", "image_url": "https://m.media-amazon.com/images/I/71edZl9AfcL._AC_UY218_.jpg", "rating": "4.4 out of 5 stars", "scraping_timestamp": "2024-03-03 23:47:47.669407"}, {"title": "KODAK PIXPRO AZ405-BK 20MP Digital Camera 40X Optical Zoom 24mm Wide Angle Lens Optical Image Stabilization 1080P Full HD Video 3\" LCD Vlogging Camera (Black)", "price": "1,998", "image_url": "https://m.media-amazon.com/images/I/71suGwfhN1L._AC_UY218_.jpg", "rating": "4.1 out of 5 stars", "scraping_timestamp": "2024-03-03 23:47:47.683691"}, {"title": "Canon EOS RP Full-Frame Mirrorless Interchangeable Lens Camera + RF24-105mm Lens F4-7.1 is STM Lens Kit- Compact and Lightweight for Traveling and Vlogging, Black (3380C132)", "price": "2,499", "image_url": "https://m.media-amazon.com/images/I/612kscpSH4L._AC_UY218_.jpg", "rating": "4.7 out of 5 stars", "scraping_timestamp": "2024-03-03 23:47:47.701405"}, {"title": "Canon Rebel XTi DSLR Camera with EF-S 18-55mm f/3.5-5.6 Lens (OLD MODEL)", "price": "219", "image_url": "https://m.media-amazon.com/images/I/61ZGiYPD3WL._AC_UY218_.jpg", "rating": "4.2 out of 5 stars", "scraping_timestamp": "2024-03-03 23:47:47.714979"}, {"title": "Saramonic Shotgun Microphone for Camera DSLR Camcorder Supercardioid, Monitoring, 3-Stage Gain, 3.5mm Professional External On-Camera Microphone Mic for Vlogging Video Recording Interview (Vmic5 Pro)", "price": "216", "image_url": "https://m.media-amazon.com/images/I/61Y75n+FTnL._AC_UY218_.jpg", "rating": "5.0 out of 5 stars", "scraping_timestamp": "2024-03-03 23:47:47.729038"}]