[{"title": "GIGABYTE GeForce RTX 4070 WINDFORCE OC 12G Graphics Card, 3X WINDFORCE Fans, 12GB 192-bit GDDR6X, GV-N4070WF3OC-12GD Video Card", "price": "549", "image_url": "https://m.media-amazon.com/images/I/71liIYrRmkL._AC_UY218_.jpg", "rating": "4.6 out of 5 stars", "scraping_timestamp": "2024-03-03 23:47:28.245371"}, {"title": "MSI Gaming GeForce GT 710 2GB GDRR3 64-bit HDCP Support DirectX 12 OpenGL 4.5 Single Fan Low Profile Graphics Card (GT 710 2GD3 LP)", "price": "51", "image_url": "https://m.media-amazon.com/images/I/71uPDHTlp+L._AC_UY218_.jpg", "rating": "4.4 out of 5 stars", "scraping_timestamp": "2024-03-03 23:47:28.269357"}, {"title": "ASUS Dual GeForce RTX 4070 Super OC Edition Graphics Card (PCIe 4.0, 12GB GDDR6X, DLSS 3, HDMI 2.1, DisplayPort 1.4a, 2.56-Slot Design, Axial-tech Fan Design, Auto-Extreme Technology, and More)", "price": "41", "image_url": "https://m.media-amazon.com/images/I/81cl8Wsp0uL._AC_UY218_.jpg", "rating": "4.7 out of 5 stars", "scraping_timestamp": "2024-03-03 23:47:28.292220"}, {"title": "MSI Geforce 210 1024 MB DDR3 PCI-Express 2.0 Graphics Card MD1G/D3", "price": "347", "image_url": "https://m.media-amazon.com/images/I/61vJJsQXxDL._AC_UY218_.jpg", "rating": "4.3 out of 5 stars", "scraping_timestamp": "2024-03-03 23:47:28.316038"}, {"title": "ASUS GeForce RTX 2060 Overclocked 6G GDDR6 Dual-Fan EVO Edition VR Ready HDMI DisplayPort DVI Graphics Card (DUAL-RTX2060-O6G-EVO)", "price": "91", "image_url": "https://m.media-amazon.com/images/I/71kyKpEWLIL._AC_UY218_.jpg", "rating": "4.7 out of 5 stars", "scraping_timestamp": "2024-03-03 23:47:28.343528"}, {"title": "ZOTAC GeForce GT 730 Zone Edition 4GB DDR3 PCI Express 2.0 x16 (x8 lanes) Graphics Card (ZT-71115-20L)", "price": "209", "image_url": "https://m.media-amazon.com/images/I/81B4f41wzZL._AC_UY218_.jpg", "rating": "4.3 out of 5 stars", "scraping_timestamp": "2024-03-03 23:47:28.370684"}, {"title": "ASUS Phoenix NVIDIA GeForce GTX 1650 OC Edition Gaming Graphics Card (PCIe 3.0, 4GB GDDR6 Memory, HDMI, DisplayPort, DVI-D, Axial-tech Fan Design)", "price": "34", "image_url": "https://m.media-amazon.com/images/I/81Ibi02jRrL._AC_UY218_.jpg", "rating": "4.7 out of 5 stars", "scraping_timestamp": "2024-03-03 23:47:28.402755"}, {"title": "GIGABYTE 2GB RAM DDR3 SDRAM Video Graphics Cards GV-N710D3-2GL REV2.0", "price": "356", "image_url": "https://m.media-amazon.com/images/I/71xuepwxseL._AC_UY218_.jpg", "rating": "4.4 out of 5 stars", "scraping_timestamp": "2024-03-03 23:47:28.419818"}, {"title": "ZOTAC GeForce GTX 1660 Super 6GB GDDR6 192-bit Gaming Graphics Card, Super Compact, ZT-T16620F-10L", "price": "105", "image_url": "https://m.media-amazon.com/images/I/71+9RYWPREL._AC_UY218_.jpg", "rating": "4.7 out of 5 stars", "scraping_timestamp": "2024-03-03 23:47:28.435051"}, {"title": "Gigabyte GV-N1030OC-2GI Graphics Card GeForce GT 1030 2 GB GDDR5", "price": "12", "image_url": "https://m.media-amazon.com/images/I/61p1MvrEYIL._AC_UY218_.jpg", "rating": "4.4 out of 5 stars", "scraping_timestamp": "2024-03-03 23:47:28.451905"}, {"title": "MSI Gaming GeForce GTX 1650 128-Bit HDMI/DP/DVI 4GB GDRR6 HDCP Support DirectX 12 VR Ready OC Graphics Card (GTX 1650 D6 Ventus XS OCV1)", "price": "278", "image_url": "https://m.media-amazon.com/images/I/51bPZSoZ00L._AC_UY218_.jpg", "rating": "4.6 out of 5 stars", "scraping_timestamp": "2024-03-03 23:47:28.472148"}, {"title": "\"Graphique Smiley Face La Petite Presse Boxed Notecards - 10 Embossed and Embellished Gold Foil Yellow Smiley Face Emoji Blank Cards with Matching Envelopes, 3.25\"\" x 4.75\"\"\" (L1333CB)", "price": "69", "image_url": "https://m.media-amazon.com/images/I/71mV5vto4dL._AC_UY218_.jpg", "rating": "4.8 out of 5 stars", "scraping_timestamp": "2024-03-03 23:47:28.490393"}, {"title": "ASUS GeForce GTX 1050 Ti 4GB Phoenix Fan Edition DVI-D HDMI DP 1.4 Gaming Graphics Card (PH-GTX1050TI-4G)", "price": "102", "image_url": "https://m.media-amazon.com/images/I/111mHoVK0kL._SS200_.png", "rating": "4.6 out of 5 stars", "scraping_timestamp": "2024-03-03 23:47:28.509472"}, {"title": "ZOTAC GeForce GT 710 2GB DDR3 PCI-E2.0 DL-DVI VGA HDMI Passive Cooled Single Slot Low Profile Graphics Card (ZT-71302-20L)", "price": "12", "image_url": "https://m.media-amazon.com/images/I/61Vv2fjAp7L._AC_UY218_.jpg", "rating": "4.4 out of 5 stars", "scraping_timestamp": "2024-03-03 23:47:28.530227"}, {"title": "ASUS GeForce GT 1030 2GB GDDR5 HDMI DVI Graphics Card (GT1030-2G-CSM)", "price": "282", "image_url": "https://m.media-amazon.com/images/I/71DrkkspvtL._AC_UY218_.jpg", "rating": "4.5 out of 5 stars", "scraping_timestamp": "2024-03-03 23:47:28.552277"}, {"title": "PNY Quadro NVS 295 256MB DDR3 2DisplayPort PCI-Express x16 Low Profile Video Card", "price": "56", "image_url": "https://m.media-amazon.com/images/I/71Umb92-C2L._AC_UY218_.jpg", "rating": "4.2 out of 5 stars", "scraping_timestamp": "2024-03-03 23:47:28.576139"}, {"title": "Graphique Peanuts Gang Boxed Notecards, 16 Peanuts Friends CardsEmbellished With Glitter, with Matching Envelopes and Storage Box, 3.25\" x 4.75\"", "price": "33", "image_url": "https://m.media-amazon.com/images/I/518BUE4R2gL._AC_UY218_.jpg", "rating": "4.7 out of 5 stars", "scraping_timestamp": "2024-03-03 23:47:28.598336"}]