[{"title": "Amazon Basics In Ear Wired Headphones, Earbuds with Microphone No Wireless Technology, 0.96 x 0.56 x 0.64in, Black", "price": "8", "image_url": "https://m.media-amazon.com/images/I/51Le9g6qjRL._AC_UY218_.jpg", "rating": "4.2 out of 5 stars", "scraping_timestamp": "2024-03-03 23:47:22.502588"}, {"title": "JVC Black Flat Foldable Colorful Flats On Ear Headphones with Remote and Microphone, 3.94 Foot Gold Plated 3.5mm Slim Plug - HAS160MB, Adjustable", "price": "19", "image_url": "https://m.media-amazon.com/images/I/71shK-YF4rL._AC_UY218_.jpg", "rating": "4.6 out of 5 stars", "scraping_timestamp": "2024-03-03 23:47:22.522644"}, {"title": "Sony ZX Series Wired On-Ear Headphones, Black MDR-ZX110 (Packaging may vary)", "price": "58", "image_url": "https://m.media-amazon.com/images/I/41CiQ7hR31L._AC_UY218_.jpg", "rating": "4.5 out of 5 stars", "scraping_timestamp": "2024-03-03 23:47:22.544391"}, {"title": "Sony WH-CH520 Wireless Headphones Bluetooth On-Ear Headset with Microphone, Black New", "price": "349", "image_url": "https://m.media-amazon.com/images/I/41lArSiD5hL._AC_UY218_.jpg", "rating": "4.5 out of 5 stars", "scraping_timestamp": "2024-03-03 23:47:22.573986"}, {"title": "Sony WH-CH720N Noise Canceling Wireless Headphones Bluetooth Over The Ear Headset with Microphone and Alexa Built-in, Black New", "price": "79", "image_url": "https://m.media-amazon.com/images/I/51rpbVmi9XL._AC_UY218_.jpg", "rating": "4.5 out of 5 stars", "scraping_timestamp": "2024-03-03 23:47:22.588718"}, {"title": "Bose QuietComfort Wireless Noise Cancelling Headphones, Bluetooth Over Ear Headphones with Up To 24 Hours of Battery Life, Black", "price": "8", "image_url": "https://m.media-amazon.com/images/I/11hfR5Cq9GL._SS200_.png", "rating": "4.6 out of 5 stars", "scraping_timestamp": "2024-03-03 23:47:22.602582"}, {"title": "JBL Tune Flex - True Wireless Noise Cancelling Earbuds (Black), Small", "price": "103", "image_url": "https://m.media-amazon.com/images/I/51QeS0jkx-L._AC_UY218_.jpg", "rating": "4.2 out of 5 stars", "scraping_timestamp": "2024-03-03 23:47:22.617390"}, {"title": "Panasonic ErgoFit Wired Earbuds, In-Ear Headphones with Dynamic Crystal-Clear Sound and Ergonomic Custom-Fit Earpieces (S/M/L), 3.5mm Jack for Phones and Laptops, No Mic - RP-HJE120-KA (Matte Black)", "price": "98", "image_url": "https://m.media-amazon.com/images/I/61joErBxERL._AC_UY218_.jpg", "rating": "4.3 out of 5 stars", "scraping_timestamp": "2024-03-03 23:47:22.636715"}, {"title": "Skullcandy Hesh Evo Wireless Headphones, 36 Hr Battery, Microphone, Works with iPhone Android and Bluetooth Devices - True Black", "price": "79", "image_url": "https://m.media-amazon.com/images/I/51zyFut7XHL._AC_UY218_.jpg", "rating": "4.4 out of 5 stars", "scraping_timestamp": "2024-03-03 23:47:22.654889"}, {"title": "Sony MDR7506 Professional Large Diaphragm Headphone", "price": "49", "image_url": "https://m.media-amazon.com/images/I/71TogEu3Q5L._AC_UY218_.jpg", "rating": "4.7 out of 5 stars", "scraping_timestamp": "2024-03-03 23:47:22.673454"}, {"title": "Marshall Major IV On-Ear Bluetooth Headphone, Black", "price": "228", "image_url": "https://m.media-amazon.com/images/I/61KHrqp9C5L._AC_UY218_.jpg", "rating": "4.6 out of 5 stars", "scraping_timestamp": "2024-03-03 23:47:22.693315"}, {"title": "JBL Endurance Peak 3 - True Wireless Headphones (Black), Small", "price": "279", "image_url": "https://m.media-amazon.com/images/I/71mTfSKhhTL._AC_UY218_.jpg", "rating": "4.2 out of 5 stars", "scraping_timestamp": "2024-03-03 23:47:22.714516"}, {"title": "Audio-Technica ATH-M20X Professional Studio Monitor Headphones, Black", "price": "125", "image_url": "https://m.media-amazon.com/images/I/518X-lGLUsL._AC_UY218_.jpg", "rating": "4.6 out of 5 stars", "scraping_timestamp": "2024-03-03 23:47:22.734848"}, {"title": "Skullcandy Crusher ANC 2 Over-Ear Noise Cancelling Wireless Headphones with Sensory Bass, 50 Hr Battery, Skull-iQ, Alexa Enabled, Microphone, Works with Bluetooth Devices - Black", "price": "79", "image_url": "https://m.media-amazon.com/images/I/71HlB-gf46L._AC_UY218_.jpg", "rating": "4.7 out of 5 stars", "scraping_timestamp": "2024-03-03 23:47:22.757202"}, {"title": "Bose QuietComfort 45 Wireless Bluetooth Noise Cancelling Headphones, Over-Ear Headphones with Microphone, Personalized Noise Cancellation and Sound, Triple Black", "price": "379", "image_url": "https://m.media-amazon.com/images/I/71w68INyh8L._AC_UY218_.jpg", "rating": "4.6 out of 5 stars", "scraping_timestamp": "2024-03-03 23:47:22.778920"}, {"title": "Skullcandy Crusher Evo Over-Ear Wireless Headphones - Black (Discontinued by Manufacturer)", "price": "70", "image_url": "https://m.media-amazon.com/images/I/11hfR5Cq9GL._SS200_.png", "rating": "4.8 out of 5 stars", "scraping_timestamp": "2024-03-03 23:47:22.800362"}, {"title": "JBL Tune Buds - True Wireless Noise Cancelling Earbuds (Blue), Small", "price": "398", "image_url": "https://m.media-amazon.com/images/I/51Ltm3tbH2L._AC_UY218_.jpg", "rating": "4.2 out of 5 stars", "scraping_timestamp": "2024-03-03 23:47:22.822883"}, {"title": "Bose Headphones 700, Noise Cancelling Bluetooth Over-Ear Wireless Headphones with Built-In Microphone for Clear Calls and Alexa Voice Control, Black", "price": "15", "image_url": "https://m.media-amazon.com/images/I/71I0lybSq+L._AC_UY218_.jpg", "rating": "4.5 out of 5 stars", "scraping_timestamp": "2024-03-03 23:47:22.846007"}, {"title": "Sony Wireless Bluetooth Headphones - Up to 50 Hours Battery Life with Quick Charge Function, On-Ear Model - WH-CH520C.CE7 - Limited Edition - Cappuccino/Beige", "price": "122", "image_url": "https://m.media-amazon.com/images/I/51e5NZdtmhL._AC_UY218_.jpg", "rating": "4.6 out of 5 stars", "scraping_timestamp": "2024-03-03 23:47:22.883227"}]