[{"title": "iPhone FineWoven Wallet with MagSafe - Mulberry", "price": "59", "image_url": "https://m.media-amazon.com/images/I/41vC43qycOL._AC_UY218_.jpg", "rating": "4.0 out of 5 stars", "scraping_timestamp": "2024-03-03 23:47:30.923366"}, {"title": "iPhone 15 Pro Max Silicone Case with MagSafe - Guava", "price": "45", "image_url": "https://m.media-amazon.com/images/I/415lGrJQisL._AC_UY218_.jpg", "rating": "4.4 out of 5 stars", "scraping_timestamp": "2024-03-03 23:47:30.950927"}, {"title": "Moto G Stylus | 2022 | 2-Day Battery | Unlocked | Made for US 4/128GB | 50MP Camera | Twilight Blue", "price": "129", "image_url": "https://m.media-amazon.com/images/I/61Q-xaqufQL._AC_UY218_.jpg", "rating": "4.2 out of 5 stars", "scraping_timestamp": "2024-03-03 23:47:30.979233"}, {"title": "Mini Smartphone 11 Pro The World's Smallest 11 Pro Android Mobile Phone, Super Small Micro 2.5\" Touch Screen Global Unlocked Great for Kids 1GB RAM / 8GB ROM Tiny iPhone XI Pro Look Alike", "price": "574", "image_url": "https://m.media-amazon.com/images/I/51aGOonIzSS._AC_UY218_.jpg", "rating": "3.2 out of 5 stars", "scraping_timestamp": "2024-03-03 23:47:31.006536"}]