[{"title": "Acer USB Type-C Dock D501 Certified Works With Chromebook | 2x HDMI 2.0 | 2x DP | 1 x USB Type-C | 2 x USB 3.1 Gen2 | 4 x USB 3.1 Gen1 | Ethernet | Requires USB 3.1 Type A or USB Type-C on Computer", "price": "227", "image_url": "https://m.media-amazon.com/images/G/01/US-hq/2023/img/Consumer_Electronics/XCM_CUTTLE_1606825_3271384_80x80_en_US._CB600308785_QL95_SY80_.jpg", "rating": "4.3 out of 5 stars", "scraping_timestamp": "2024-03-03 23:47:20.075563"}, {"title": "Crucial T500 2TB Gen4 NVMe M.2 Internal Gaming SSD, Up to 7400MB/s, Laptop & Desktop Compatible + 1mo Adobe CC All Apps - CT2000T500SSD8", "price": "139", "image_url": "https://m.media-amazon.com/images/I/719Y+8bstJL._AC_UY218_.jpg", "rating": "4.8 out of 5 stars", "scraping_timestamp": "2024-03-03 23:47:20.098673"}, {"title": "Lenovo IdeaPad 3i 14 Laptop, Student and Business, 14\" FHD Screen, Intel i3-1115G4 Processor, 20GB RAM, 1TB SSD, HDMI, Media Card Reader, Webcam, Dolby Audio, Wi-Fi 6, Windows 11 Home, Platinum Grey", "price": "375", "image_url": "https://m.media-amazon.com/images/I/51oXLC2JFHL._AC_UY218_.jpg", "rating": "4.4 out of 5 stars", "scraping_timestamp": "2024-03-03 23:47:20.121167"}, {"title": "HP Laptop, 17.3\u201d HD+ Touchscreen Display, Intel Core i7-1255U Processor, 32GB RAM, 1TB PCIe SSD, Backlit Keyboard, Fingerprint Reader, Wi-Fi, Windows 11 Home, Silver", "price": "44", "image_url": "https://m.media-amazon.com/images/I/71+OtOOXYaL._AC_UY218_.jpg", "rating": "4.6 out of 5 stars", "scraping_timestamp": "2024-03-03 23:47:20.151036"}, {"title": "HP 14 Laptop, Intel Celeron N4020, 4 GB RAM, 64 GB Storage, 14-inch HD Touchscreen, Windows 11 Home, Thin & Portable, 4K Graphics, One Year of Microsoft 365 (14-dq0080nr, 2021, Snowflake White)", "price": "1,449", "image_url": "https://m.media-amazon.com/images/I/71-N0LtaC1L._AC_UY218_.jpg", "rating": "4.2 out of 5 stars", "scraping_timestamp": "2024-03-03 23:47:20.169269"}, {"title": "Bitdefender Total Security - 5 Devices | 1 year Subscription | PC/Mac | Activation Code by email", "price": "1,189", "image_url": "https://m.media-amazon.com/images/I/51WLQFo6gBL._AC_UY218_.jpg", "rating": "4.4 out of 5 stars", "scraping_timestamp": "2024-03-03 23:47:20.184004"}, {"title": "SAMSUNG 14\" Galaxy Book4 Pro Laptop PC Computer, Intel Core 7 Ultra Processor 512GB, 3K AMOLED (2880 x 1800) Touchscreen, Advanced Security, 2024 Model, NP940XGK-KG1US, Moonstone Gray", "price": "211", "image_url": "https://m.media-amazon.com/images/I/81HJkofIBML._AC_UL640_QL65_.jpg", "rating": "1.0 out of 5 stars", "scraping_timestamp": "2024-03-03 23:47:20.203424"}, {"title": "ASUS Zenbook Pro 14 OLED 14.5\u00e2\u20ac OLED 16:10 Touch Display, DialPad, Intel i9-13900H CPU, GeForce RTX 4070 Graphics, 32GB RAM, 1TB SSD, Windows 11 Home, Tech Black, UX6404VI-DS96T", "price": "32", "image_url": "https://m.media-amazon.com/images/I/81HJkofIBML._AC_UL640_QL65_.jpg", "rating": "4.3 out of 5 stars", "scraping_timestamp": "2024-03-03 23:47:20.220634"}, {"title": "MSI 2023 Newest Katana 15 Gaming Laptop, 15.6\" 144 Hz IPS Display, Intel Core i7 12650H (Up to 4.7 GHz), GeForce RTX 4070, 16GB RAM, 1TB SSD, Wi-Fi 6, 4-Zone RGB Gaming Keyboard, Windows 11 Home", "price": "159", "image_url": "https://m.media-amazon.com/images/I/6131ZgIFn1L._AC_UY218_.jpg", "rating": "5.0 out of 5 stars", "scraping_timestamp": "2024-03-03 23:47:20.238235"}, {"title": "HP 14 Laptop, Intel Celeron N4020, 4 GB RAM, 64 GB Storage, 14-inch Micro-edge HD Display, Windows 11 Home, Thin & Portable, 4K Graphics, One Year of Microsoft 365 (14-dq0010nr, 2021, Indigo Blue)", "price": "311", "image_url": "https://m.media-amazon.com/images/I/51GjwKMEziL._AC_UY218_.jpg", "rating": "4.1 out of 5 stars", "scraping_timestamp": "2024-03-03 23:47:20.255049"}, {"title": "Lenovo IdeaPad Slim 3 - (2023) - Everyday Laptop - Lightweight - Windows 11-15.6\" FHD - 8GB Memory - 256GB Storage - AMD Ryzen 3 7320U - Arctic Grey", "price": "478", "image_url": "https://m.media-amazon.com/images/I/814JT-HwKUL._AC_UY218_.jpg", "rating": "3.6 out of 5 stars", "scraping_timestamp": "2024-03-03 23:47:20.279824"}, {"title": "ASUS ROG Strix G17 (2023) Gaming Laptop, 17.3\u201d QHD 240Hz, GeForce RTX 4070, AMD Ryzen 9 7945HX, 16GB DDR5, 1TB PCIe SSD, Wi-Fi 6E, Windows 11, G713PI-DS94 Eclipse Gray", "price": "29", "image_url": "https://m.media-amazon.com/images/I/81VZCXrXwrS._AC_UY218_.jpg", "rating": "4.0 out of 5 stars", "scraping_timestamp": "2024-03-03 23:47:20.297588"}, {"title": "14 in 1 USB C Docking Station, USB C Adapter with Dual 4K HDMI, VGA, USB A 3.1, USB C 3.1, 4 USB A 2.0 Ports, Gigabit Ethernet, SD&TF Card Readers, 100W PD, and 3.5mm", "price": "19", "image_url": "https://m.media-amazon.com/images/I/71QTxOz46yL._AC_UY218_.jpg", "rating": "4.2 out of 5 stars", "scraping_timestamp": "2024-03-03 23:47:20.311183"}]