[{"title": "Meteor to Earth Vinyl Decal Sticker Space Universe Fiery Laptop MacBook Room Decor", "price": "4", "image_url": "https://m.media-amazon.com/images/I/617CtnxfCXL._AC_UY218_.jpg", "rating": "4.0 out of 5 stars", "scraping_timestamp": "2024-03-03 23:36:59.219256"}, {"title": "Wave Vinyl Decal Sticker Laptop MacBook Tablet Home Decor", "price": "3", "image_url": "https://m.media-amazon.com/images/I/413RRVIT-wL._AC_UY218_.jpg", "rating": "1.0 out of 5 stars", "scraping_timestamp": "2024-03-03 23:36:59.249964"}, {"title": "8 Ball Macbook Decal - Flame Laptop Decal - Billiard Ball Decal - Flaming Eight Ball", "price": "8", "image_url": "https://m.media-amazon.com/images/I/319Bq1FNRNL._AC_UY218_.jpg", "rating": "4 Stars &amp; Up", "scraping_timestamp": "2024-03-03 23:36:59.284996"}, {"title": "66 Snowflakes Window Decal Stickers, Holiday Stickers, Snowflake Macbook Decal, snowflake stickers, Christmas stickers decor, polka dots", "price": "16", "image_url": "https://m.media-amazon.com/images/I/111mHoVK0kL._SS200_.png", "rating": "3 Stars &amp; Up", "scraping_timestamp": "2024-03-03 23:36:59.309929"}, {"title": "Parapper The Rapper Sticker - 4 Inch WaterProof - Vinyl Stickers, Laptop Decal, Water Bottle Sticker, Car Decal, Skateboard Stickers, Funny Stickers, Video Games, 90s Stickers, Nostalgic Art", "price": "4", "image_url": "https://m.media-amazon.com/images/I/71Y0vDEp6pL._AC_UY218_.jpg", "rating": "2 Stars &amp; Up", "scraping_timestamp": "2024-03-03 23:36:59.335912"}, {"title": "1 RELAX laptop decal, Macbook Vinyl Decal, removable wallpaper, bumper sticker Ipad decal, calligraphy decal lettering, tumblr decal gifts", "price": "2", "image_url": "https://m.media-amazon.com/images/I/41tY9xGHOUS._AC_UY218_.jpg", "rating": "1 Star &amp; Up", "scraping_timestamp": "2024-03-03 23:36:59.364592"}]