[{"title": "Motorola Moto G Stylus | 2022 | 2-Day Battery | Unlocked | Made for US 4/128GB | 50MP Camera | Twilight Blue", "price": "129", "image_url": "https://m.media-amazon.com/images/G/01/US-hq/2023/img/Consumer_Electronics/XCM_CUTTLE_1676277_3566496_80x80_en_US._CB570582716_QL95_SY80_.jpg", "rating": "4.2 out of 5 stars", "scraping_timestamp": "2024-03-03 23:47:25.315929"}, {"title": "SAMSUNG Galaxy A53 5G A Series Cell Phone, Factory Unlocked Android Smartphone, 128GB, 6.5\u201d FHD Super AMOLED Screen, Long Battery Life, US Version, Black", "price": "129", "image_url": "https://m.media-amazon.com/images/I/61Q-xaqufQL._AC_UY218_.jpg", "rating": "4.3 out of 5 stars", "scraping_timestamp": "2024-03-03 23:47:25.337535"}, {"title": "Motorola Moto G Stylus | 2023 | Unlocked | Made for US 4/64GB | 50 MP Camera | Glam Pink, 162.89 x 74.08 x 9.19mm", "price": "159", "image_url": "https://m.media-amazon.com/images/I/71HN4P-pd5L._AC_UY218_.jpg", "rating": "4.0 out of 5 stars", "scraping_timestamp": "2024-03-03 23:47:25.369889"}, {"title": "SAMSUNG Galaxy A03 Core (SM-A032/DS) Dual SIM 32GB/ 2GB RAM, GSM Unlocked International Version - No Warranty - Black", "price": "767", "image_url": "https://m.media-amazon.com/images/I/216-OX9rBaL._SS200_.png", "rating": "3.8 out of 5 stars", "scraping_timestamp": "2024-03-03 23:47:25.403699"}, {"title": "Samsung Galaxy S6, Black Sapphire 32GB (AT&T)", "price": "574", "image_url": "https://m.media-amazon.com/images/I/617FLls4p0L._AC_UY218_.jpg", "rating": "4.0 out of 5 stars", "scraping_timestamp": "2024-03-03 23:47:25.418690"}]